410115,{"name":"Engrave Chest - Aspect of the Lion","icon":"inv_chest_cloth_45","tooltip":"<table><tr><td><a class=\"whtt-name\" href=\"/classic/spell=410115/engrave-chest-aspect-of-the-lion\"><b class=\"whtt-name\">Engrave Chest - Aspect of the Lion</b></a><br />3 sec cast<div class=\"wowhead-tooltip-requirements\">Requires Hunter</div><span class=\"wowhead-tooltip-requirements\">Requires level 1</span><br /></td></tr></table><table><tr><td><span class=\"wowhead-tooltip-requirements\">Requires Chest, Chest</span><div class=\"q\">Engrave your chest or robe with the Aspect of the Lion rune:<br /><br /><span class=\"tooltip-inside-icon\" style=\"background-image: url(//wow.zamimg.com/images/wow/icons/small/ability_hunter_pet_cat.jpg)\"></span><br /><a href=\"/spell=409580\" target=\"_blank\">The hunter takes on the aspects of a lion, increasing total stats by 10% for all nearby allies, and increasing total stats for the Hunter by an additional 10%. &nbsp;Only one Aspect can be active at a time.</a></div></td></tr></table>","tooltip2":"","buff":"","quality":null,"spells":{},"buffspells":{},"completion_category":7}
401759,{"name":"Engrave Chest - Burnout","icon":"inv_chest_cloth_45","tooltip":"<table><tr><td><a class=\"whtt-name\" href=\"/classic/spell=401759/engrave-chest-burnout\"><b class=\"whtt-name\">Engrave Chest - Burnout</b></a><br />3 sec cast<div class=\"wowhead-tooltip-requirements\">Requires Mage</div><span class=\"wowhead-tooltip-requirements\">Requires level 1</span><br /></td></tr></table><table><tr><td><span class=\"wowhead-tooltip-requirements\">Requires Chest, Chest</span><div class=\"q\">Engrave your chest with the Burnout rune:<br /><br /><span class=\"tooltip-inside-icon\" style=\"background-image: url(//wow.zamimg.com/images/wow/icons/small/ability_mage_burnout.jpg)\"></span><br /><a href=\"/spell=412286\" target=\"_blank\">Increases your spell critical strike chance with all spells by 15%, but your non-periodic spell critical strikes now have an additional mana cost of 1% of your base mana.</a></div></td></tr></table>","tooltip2":"","buff":"","quality":null,"spells":{},"buffspells":{},"completion_category":7}
425759,{"name":"Engrave Chest - Cobra Strikes","icon":"inv_chest_cloth_45","tooltip":"<table><tr><td><a class=\"whtt-name\" href=\"/classic/spell=425759/engrave-chest-cobra-strikes\"><b class=\"whtt-name\">Engrave Chest - Cobra Strikes</b></a><br />3 sec cast<div class=\"wowhead-tooltip-requirements\">Requires Hunter</div><span class=\"wowhead-tooltip-requirements\">Requires level 1</span><br /></td></tr></table><table><tr><td><span class=\"wowhead-tooltip-requirements\">Requires Chest, Chest</span><div class=\"q\">Engrave your chest or robe with the Cobra Strikes rune:<br /><br /><span class=\"tooltip-inside-icon\" style=\"background-image: url(//wow.zamimg.com/images/wow/icons/small/ability_hunter_cobrastrikes.jpg)\"></span><br /><a href=\"/spell=425713\" target=\"_blank\">Your critical hits with Shot abilities cause your pet's next 2 special attacks to critically hit.</a></div></td></tr></table>","tooltip2":"","buff":"","quality":null,"spells":{},"buffspells":{},"completion_category":7}
400080,{"name":"Engrave Chest - Deadly Brew","icon":"inv_chest_cloth_45","tooltip":"<table><tr><td><a class=\"whtt-name\" href=\"/classic/spell=400080/engrave-chest-deadly-brew\"><b class=\"whtt-name\">Engrave Chest - Deadly Brew</b></a><br />3 sec cast<div class=\"wowhead-tooltip-requirements\">Requires Rogue</div><span class=\"wowhead-tooltip-requirements\">Requires level 1</span><br /></td></tr></table><table><tr><td><span class=\"wowhead-tooltip-requirements\">Requires Chest, Chest</span><div class=\"q\">Engrave your chest or robe with the Deadly Brew rune:<br /><br /><span class=\"tooltip-inside-icon\" style=\"background-image: url(//wow.zamimg.com/images/wow/icons/small/inv_potion_97.jpg)\"></span><br /><a href=\"/spell=399965\" target=\"_blank\">When you inflict any other poison on a target, you also inflict Deadly Poison.</a></div></td></tr></table>","tooltip2":"","buff":"","quality":null,"spells":{},"buffspells":{},"completion_category":7}
415942,{"name":"Engrave Chest - Enlightenment","icon":"inv_misc_desecrated_leatherchest","tooltip":"<table><tr><td><a class=\"whtt-name\" href=\"/classic/spell=415942/engrave-chest-enlightenment\"><b class=\"whtt-name\">Engrave Chest - Enlightenment</b></a><br />3 sec cast<div class=\"wowhead-tooltip-requirements\">Requires Mage</div><span class=\"wowhead-tooltip-requirements\">Requires level 1</span><br /></td></tr></table><table><tr><td><span class=\"wowhead-tooltip-requirements\">Requires Chest, Chest</span><div class=\"q\">Engrave your chest or robe with the Enlightenment rune:<br /><br /><span class=\"tooltip-inside-icon\" style=\"background-image: url(//wow.zamimg.com/images/wow/icons/small/spell_arcane_mindmastery.jpg)\"></span><br /><a href=\"/spell=412324\" target=\"_blank\">You deal 10% more damage while you have more than 70% mana. While below 30% mana 10% of your mana regeneration continues while casting.</a></div></td></tr></table>","tooltip2":"","buff":"","quality":null,"spells":{},"buffspells":{},"completion_category":7}
401765,{"name":"Engrave Chest - Fingers of Frost","icon":"inv_misc_desecrated_leatherchest","tooltip":"<table><tr><td><a class=\"whtt-name\" href=\"/classic/spell=401765/engrave-chest-fingers-of-frost\"><b class=\"whtt-name\">Engrave Chest - Fingers of Frost</b></a><br />3 sec cast<div class=\"wowhead-tooltip-requirements\">Requires Mage</div><span class=\"wowhead-tooltip-requirements\">Requires level 1</span><br /></td></tr></table><table><tr><td><span class=\"wowhead-tooltip-requirements\">Requires Chest, Chest</span><div class=\"q\">Engrave your chest or robe with the Fingers of Frost rune:<br /><br /><span class=\"tooltip-inside-icon\" style=\"background-image: url(//wow.zamimg.com/images/wow/icons/small/ability_mage_wintersgrasp.jpg)\"></span><br /><a href=\"/spell=400647\" target=\"_blank\">Gives your Chill effects a 15% chance to grant you the Fingers of Frost effect, which treats your next 2 spells cast as if the target were Frozen. &nbsp;Lasts 15 sec.</a></div></td></tr></table>","tooltip2":"","buff":"","quality":null,"spells":{},"buffspells":{},"completion_category":7}
403480,{"name":"Engrave Chest - Flagellation","icon":"inv_chest_cloth_45","tooltip":"<table><tr><td><a class=\"whtt-name\" href=\"/classic/spell=403480/engrave-chest-flagellation\"><b class=\"whtt-name\">Engrave Chest - Flagellation</b></a><br />3 sec cast<div class=\"wowhead-tooltip-requirements\">Requires Warrior</div><span class=\"wowhead-tooltip-requirements\">Requires level 1</span><br /></td></tr></table><table><tr><td><span class=\"wowhead-tooltip-requirements\">Requires Chest, Chest</span><div class=\"q\">Engrave your chest with the Flagellation rune:<br /><br /><span class=\"tooltip-inside-icon\" style=\"background-image: url(//wow.zamimg.com/images/wow/icons/small/inv_mace_1h_stratholme_d_01.jpg)\"></span><br /><a href=\"/spell=402877\" target=\"_blank\">Gain a 25% bonus to Physical damage done for 12 sec after activating Bloodrage or Berserker Rage.</a></div></td></tr></table>","tooltip2":"","buff":"","quality":null,"spells":{},"buffspells":{},"completion_category":7}
410061,{"name":"Engrave Chest - Fury of Stormrage","icon":"inv_misc_desecrated_leatherchest","tooltip":"<table><tr><td><a class=\"whtt-name\" href=\"/classic/spell=410061/engrave-chest-fury-of-stormrage\"><b class=\"whtt-name\">Engrave Chest - Fury of Stormrage</b></a><br />3 sec cast<div class=\"wowhead-tooltip-requirements\">Requires Druid</div><span class=\"wowhead-tooltip-requirements\">Requires level 1</span><br /></td></tr></table><table><tr><td><span class=\"wowhead-tooltip-requirements\">Requires Chest, Chest</span><div class=\"q\">Engrave your chest or robe with the Fury of Stormrage rune:<br /><br /><span class=\"tooltip-inside-icon\" style=\"background-image: url(//wow.zamimg.com/images/wow/icons/small/inv_staff_90.jpg)\"></span><br /><a href=\"/spell=414799\" target=\"_blank\">Reduces the mana cost of Wrath by 100% and each time you deal damage with Wrath you have a 12% chance for your next cast of Healing Touch within 15 sec to be instant.</a></div></td></tr></table>","tooltip2":"","buff":"","quality":null,"spells":{},"buffspells":{},"completion_category":7}
400082,{"name":"Engrave Chest - Just a Flesh Wound","icon":"inv_chest_cloth_45","tooltip":"<table><tr><td><a class=\"whtt-name\" href=\"/classic/spell=400082/engrave-chest-just-a-flesh-wound\"><b class=\"whtt-name\">Engrave Chest - Just a Flesh Wound</b></a><br />3 sec cast<div class=\"wowhead-tooltip-requirements\">Requires Rogue</div><span class=\"wowhead-tooltip-requirements\">Requires level 1</span><br /></td></tr></table><table><tr><td><span class=\"wowhead-tooltip-requirements\">Requires Chest, Chest</span><div class=\"q\">Engrave your chest or robe with the Just a Flesh Wound rune:<br /><br /><span class=\"tooltip-inside-icon\" style=\"background-image: url(//wow.zamimg.com/images/wow/icons/small/ability_rogue_bloodyeye.jpg)\"></span><br /><a href=\"/spell=400014\" target=\"_blank\">You take 20% reduced Physical damage while Blade Dance is active. Additionally, you have 6% reduced chance to be critically hit by melee attacks, the threat generated by all your actions is massively increased, and your Feint ability is replaced with Tease, which Taunts the target to attack you.<br /><br /><span class=\"tooltip-inside-icon\" style=\"background-image: url(//wow.zamimg.com/images/wow/icons/small/achievement_halloween_smiley_01.jpg)\"></span><br /><a href=\"/spell=410412\" target=\"_blank\">Taunts the target to attack you, but has no effect if the target is already attacking you.</a></a></div></td></tr></table>","tooltip2":"","buff":"","quality":null,"spells":{},"buffspells":{},"completion_category":7}
416050,{"name":"Engrave Chest - Living Seed","icon":"inv_misc_desecrated_leatherchest","tooltip":"<table><tr><td><a class=\"whtt-name\" href=\"/classic/spell=416050/engrave-chest-living-seed\"><b class=\"whtt-name\">Engrave Chest - Living Seed</b></a><br />3 sec cast<div class=\"wowhead-tooltip-requirements\">Requires Druid</div><span class=\"wowhead-tooltip-requirements\">Requires level 1</span><br /></td></tr></table><table><tr><td><span class=\"wowhead-tooltip-requirements\">Requires Chest, Chest</span><div class=\"q\">Engrave your chest or robe with the Living Seed rune:<br /><br /><span class=\"tooltip-inside-icon\" style=\"background-image: url(//wow.zamimg.com/images/wow/icons/small/spell_shadow_detectinvisibility.jpg)\"></span><br /><a href=\"/spell=414677\" target=\"_blank\">When you critically heal your target with any healing spell you plant a Living Seed on the target for 30% of the amount healed. The Living Seed will bloom when the target is next attacked. Lasts 15 sec.</a></div></td></tr></table>","tooltip2":"","buff":"","quality":null,"spells":{},"buffspells":{},"completion_category":7}
410122,{"name":"Engrave Chest - Lone Wolf","icon":"inv_chest_cloth_45","tooltip":"<table><tr><td><a class=\"whtt-name\" href=\"/classic/spell=410122/engrave-chest-lone-wolf\"><b class=\"whtt-name\">Engrave Chest - Lone Wolf</b></a><br />3 sec cast<div class=\"wowhead-tooltip-requirements\">Requires Hunter</div><span class=\"wowhead-tooltip-requirements\">Requires level 1</span><br /></td></tr></table><table><tr><td><span class=\"wowhead-tooltip-requirements\">Requires Chest, Chest</span><div class=\"q\">Engrave your chest or robe with the Lone Wolf rune:<br /><br /><span class=\"tooltip-inside-icon\" style=\"background-image: url(//wow.zamimg.com/images/wow/icons/small/ability_mount_whitedirewolf.jpg)\"></span><br /><a href=\"/spell=415370\" target=\"_blank\">You deal 15% increased damage with all attacks while you do not have an active pet.</a></div></td></tr></table>","tooltip2":"","buff":"","quality":null,"spells":{},"buffspells":{},"completion_category":7}
410113,{"name":"Engrave Chest - Master Marksman","icon":"inv_chest_cloth_45","tooltip":"<table><tr><td><a class=\"whtt-name\" href=\"/classic/spell=410113/engrave-chest-master-marksman\"><b class=\"whtt-name\">Engrave Chest - Master Marksman</b></a><br />3 sec cast<div class=\"wowhead-tooltip-requirements\">Requires Hunter</div><span class=\"wowhead-tooltip-requirements\">Requires level 1</span><br /></td></tr></table><table><tr><td><span class=\"wowhead-tooltip-requirements\">Requires Chest, Chest</span><div class=\"q\">Engrave your chest or robe with the Master Marksman rune:<br /><br /><span class=\"tooltip-inside-icon\" style=\"background-image: url(//wow.zamimg.com/images/wow/icons/small/ability_hunter_mastermarksman.jpg)\"></span><br /><a href=\"/spell=409428\" target=\"_blank\">Increases your critical strike chance by 5%, and reduces the Mana cost of all your Shot abilities by 25%.</a></div></td></tr></table>","tooltip2":"","buff":"","quality":null,"spells":{},"buffspells":{},"completion_category":7}
400095,{"name":"Engrave Chest - Quick Draw","icon":"inv_chest_cloth_45","tooltip":"<table><tr><td><a class=\"whtt-name\" href=\"/classic/spell=400095/engrave-chest-quick-draw\"><b class=\"whtt-name\">Engrave Chest - Quick Draw</b></a><br />3 sec cast<div class=\"wowhead-tooltip-requirements\">Requires Rogue</div><span class=\"wowhead-tooltip-requirements\">Requires level 1</span><br /></td></tr></table><table><tr><td><span class=\"wowhead-tooltip-requirements\">Requires Chest, Chest</span><div class=\"q\">Engrave your chest or robe with the Quick Draw rune:<br /><br /><span class=\"tooltip-inside-icon\" style=\"background-image: url(//wow.zamimg.com/images/wow/icons/small/inv_musket_02.jpg)\"></span><br /><a href=\"/spell=398196\" target=\"_blank\">Draw your ranged weapon and fire a quick shot at an enemy, causing normal ranged weapon damage and reducing the target's movement speed by 50% for 6 sec. Awards 1 combo point.<br /><br />Quick Draw benefits from all talents and effects that trigger from or modify Sinister Strike.</a></div></td></tr></table>","tooltip2":"","buff":"","quality":null,"spells":{},"buffspells":{},"completion_category":7}
401767,{"name":"Engrave Chest - Regeneration","icon":"inv_misc_desecrated_leatherchest","tooltip":"<table><tr><td><a class=\"whtt-name\" href=\"/classic/spell=401767/engrave-chest-regeneration\"><b class=\"whtt-name\">Engrave Chest - Regeneration</b></a><br />3 sec cast<div class=\"wowhead-tooltip-requirements\">Requires Mage</div><span class=\"wowhead-tooltip-requirements\">Requires level 1</span><br /></td></tr></table><table><tr><td><span class=\"wowhead-tooltip-requirements\">Requires Chest, Chest</span><div class=\"q\">Engrave your chest or robe with the Regeneration rune:<br /><br /><span class=\"tooltip-inside-icon\" style=\"background-image: url(//wow.zamimg.com/images/wow/icons/small/inv_enchant_essencenethersmall.jpg)\"></span><br /><a href=\"/spell=401417\" target=\"_blank\">Heals the target for (* 82 / 100 * 3) health over 3 sec and applies Temporal Beacon for 30 sec. After casting this spell, you will suffer from Tangled Causality for 5 min, reducing your Fire and Frost spell damage done by 50% and preventing the use of Ice Block.<br /><br />Temporal Beacon<br /><span class=\"tooltip-inside-icon\" style=\"background-image: url(//wow.zamimg.com/images/wow/icons/small/spell_nature_timestop.jpg)\"></span><br /><a href=\"/spell=400735\" target=\"_blank\">Records the subject's space-time position. 40% of all Arcane damage done by the caster will be converted to chronomantic healing and divided among the caster's current Temporal Beacon targets.</a></a></div></td></tr></table>","tooltip2":"","buff":"","quality":null,"spells":{},"buffspells":{},"completion_category":7}
424992,{"name":"Engrave Chest - Slaughter from the Shadows","icon":"inv_chest_cloth_45","tooltip":"<table><tr><td><a class=\"whtt-name\" href=\"/classic/spell=424992/engrave-chest-slaughter-from-the-shadows\"><b class=\"whtt-name\">Engrave Chest - Slaughter from the Shadows</b></a><br />3 sec cast<div class=\"wowhead-tooltip-requirements\">Requires Rogue</div><span class=\"wowhead-tooltip-requirements\">Requires level 1</span><br /></td></tr></table><table><tr><td><span class=\"wowhead-tooltip-requirements\">Requires Chest, Chest</span><div class=\"q\">Engrave your chest or robe with the Slaughter from the Shadows rune:<br /><br /><span class=\"tooltip-inside-icon\" style=\"background-image: url(//wow.zamimg.com/images/wow/icons/small/ability_rogue_slaughterfromtheshadows.jpg)\"></span><br /><a href=\"/spell=424925\" target=\"_blank\">Reduces the Energy cost of your Backstab and Ambush abilities by 20. <br /><br /><span class='q2'>Engrave Gloves - Mutilate</span><br /><span class='q9'>Does not apply to Mutilate</span><br /><br />Does not apply to abilities learned from other runes.</a></div></td></tr></table>","tooltip2":"","buff":"","quality":null,"spells":{},"buffspells":{},"completion_category":7}
416042,{"name":"Engrave Chest - Survival of the Fittest","icon":"inv_misc_desecrated_leatherchest","tooltip":"<table><tr><td><a class=\"whtt-name\" href=\"/classic/spell=416042/engrave-chest-survival-of-the-fittest\"><b class=\"whtt-name\">Engrave Chest - Survival of the Fittest</b></a><br />3 sec cast<div class=\"wowhead-tooltip-requirements\">Requires Druid</div><span class=\"wowhead-tooltip-requirements\">Requires level 1</span><br /></td></tr></table><table><tr><td><span class=\"wowhead-tooltip-requirements\">Requires Chest, Chest</span><div class=\"q\">Engrave your chest or robe with the Survival of the Fittest rune:<br /><br /><span class=\"tooltip-inside-icon\" style=\"background-image: url(//wow.zamimg.com/images/wow/icons/small/ability_druid_enrage.jpg)\"></span><br /><a href=\"/spell=411115\" target=\"_blank\">Reduces the chance you'll be critically hit by melee attacks by 6% and reduces all damage taken by 10%. Damage taken reduced by an additional 10% while in Bear Form or Dire Bear Form.</a></div></td></tr></table>","tooltip2":"","buff":"","quality":null,"spells":{},"buffspells":{},"completion_category":7}
410021,{"name":"Engrave Chest - Wild Strikes","icon":"inv_chest_cloth_45","tooltip":"<table><tr><td><a class=\"whtt-name\" href=\"/classic/spell=410021/engrave-chest-wild-strikes\"><b class=\"whtt-name\">Engrave Chest - Wild Strikes</b></a><br />3 sec cast<div class=\"wowhead-tooltip-requirements\">Requires Druid</div><span class=\"wowhead-tooltip-requirements\">Requires level 1</span><br /></td></tr></table><table><tr><td><span class=\"wowhead-tooltip-requirements\">Requires Chest, Chest</span><div class=\"q\">Engrave your chest or robe with the Wild Strikes rune:<br /><br /><span class=\"tooltip-inside-icon\" style=\"background-image: url(//wow.zamimg.com/images/wow/icons/small/ability_druid_swipe.jpg)\"></span><br /><a href=\"/spell=407977\" target=\"_blank\">While you are in Cat Form, Bear Form, or Dire Bear Form, party members within 20 yards gain increased combat ferocity. &nbsp;Each melee hit has a 20% chance of granting the attacker an extra attack with 20% additional Attack Power. No effect if the party member is already benefitting from Windfury Totem.</a></div></td></tr></table>","tooltip2":"","buff":"","quality":null,"spells":{},"buffspells":{},"completion_category":7}
401757,{"name":"Engrave Gloves - Arcane Blast","icon":"inv_misc_desecrated_leatherglove","tooltip":"<table><tr><td><a class=\"whtt-name\" href=\"/classic/spell=401757/engrave-gloves-arcane-blast\"><b class=\"whtt-name\">Engrave Gloves - Arcane Blast</b></a><br />3 sec cast<div class=\"wowhead-tooltip-requirements\">Requires Mage</div><span class=\"wowhead-tooltip-requirements\">Requires level 1</span><br /></td></tr></table><table><tr><td><span class=\"wowhead-tooltip-requirements\">Requires Gloves</span><div class=\"q\">Engrave your gloves with the Arcane Blast rune:<br /><br /><span class=\"tooltip-inside-icon\" style=\"background-image: url(//wow.zamimg.com/images/wow/icons/small/spell_arcane_blast.jpg)\"></span><br /><a href=\"/spell=400574\" target=\"_blank\">Blasts the target with energy, dealing (* 453 / 100) to (* 527 / 100) Arcane damage. &nbsp;Each time you cast Arcane Blast, the damage and healing of all other Arcane spells is increased by 15% and mana cost of Arcane Blast is increased by 175%. &nbsp;Effect stacks up to 4 times and lasts 6 sec or until any other Arcane damage or healing spell is cast.</a></div></td></tr></table>","tooltip2":"","buff":"","quality":null,"spells":{},"buffspells":{},"completion_category":7}
410110,{"name":"Engrave Gloves - Beast Mastery","icon":"inv_misc_desecrated_leatherglove","tooltip":"<table><tr><td><a class=\"whtt-name\" href=\"/classic/spell=410110/engrave-gloves-beast-mastery\"><b class=\"whtt-name\">Engrave Gloves - Beast Mastery</b></a><br />3 sec cast<div class=\"wowhead-tooltip-requirements\">Requires Hunter</div><span class=\"wowhead-tooltip-requirements\">Requires level 1</span><br /></td></tr></table><table><tr><td><span class=\"wowhead-tooltip-requirements\">Requires Gloves</span><div class=\"q\">Engrave your gloves with the Beast Mastery rune:<br /><br /><span class=\"tooltip-inside-icon\" style=\"background-image: url(//wow.zamimg.com/images/wow/icons/small/ability_physical_taunt.jpg)\"></span><br /><a href=\"/spell=409368\" target=\"_blank\">Your pet's damage and health are increased by 30%, and its Focus regeneration by 80%. In addition, your pet's Growl now also Taunts the target to attack it for 3 sec.</a></div></td></tr></table>","tooltip2":"","buff":"","quality":null,"spells":{},"buffspells":{},"completion_category":7}
425758,{"name":"Engrave Gloves - Carve","icon":"inv_misc_desecrated_leatherglove","tooltip":"<table><tr><td><a class=\"whtt-name\" href=\"/classic/spell=425758/engrave-gloves-carve\"><b class=\"whtt-name\">Engrave Gloves - Carve</b></a><br />3 sec cast<div class=\"wowhead-tooltip-requirements\">Requires Hunter</div><span class=\"wowhead-tooltip-requirements\">Requires level 1</span><br /></td></tr></table><table><tr><td><span class=\"wowhead-tooltip-requirements\">Requires Gloves</span><div class=\"q\">Engrave your gloves with the Carve rune:<br /><br /><span class=\"tooltip-inside-icon\" style=\"background-image: url(//wow.zamimg.com/images/wow/icons/small/inv_throwingknife_06.jpg)\"></span><br /><a href=\"/spell=425711\" target=\"_blank\">A sweeping attack that strikes all enemies in front of you for 50% weapon damage.</a></div></td></tr></table>","tooltip2":"","buff":"","quality":null,"spells":{},"buffspells":{},"completion_category":7}
410121,{"name":"Engrave Gloves - Chimera Shot","icon":"inv_misc_desecrated_leatherglove","tooltip":"<table><tr><td><a class=\"whtt-name\" href=\"/classic/spell=410121/engrave-gloves-chimera-shot\"><b class=\"whtt-name\">Engrave Gloves - Chimera Shot</b></a><br />3 sec cast<div class=\"wowhead-tooltip-requirements\">Requires Hunter</div><span class=\"wowhead-tooltip-requirements\">Requires level 1</span><br /></td></tr></table><table><tr><td><span class=\"wowhead-tooltip-requirements\">Requires Gloves</span><div class=\"q\">Engrave your gloves with the Chimera Shot rune:<br /><br /><span class=\"tooltip-inside-icon\" style=\"background-image: url(//wow.zamimg.com/images/wow/icons/small/ability_hunter_chimerashot2.jpg)\"></span><br /><a href=\"/spell=409433\" target=\"_blank\">You deal 125% weapon damage, refreshing the current Sting on your target and triggering an effect:<br /><br />Serpent Sting - Instantly deals 40% of the damage done by your Serpent Sting.<br /><br />Viper Sting - Instantly restores mana to you equal to 60% of the total amount drained by your Viper Sting.<br /><br />Scorpid Sting - Attempts to Disarm the target for 10 sec. This effect cannot occur more than once per 1 minute.</a></div></td></tr></table>","tooltip2":"","buff":"","quality":null,"spells":{},"buffspells":{},"completion_category":7}
403489,{"name":"Engrave Gloves - Endless Rage","icon":"inv_misc_desecrated_leatherboots","tooltip":"<table><tr><td><a class=\"whtt-name\" href=\"/classic/spell=403489/engrave-gloves-endless-rage\"><b class=\"whtt-name\">Engrave Gloves - Endless Rage</b></a><br />3 sec cast<div class=\"wowhead-tooltip-requirements\">Requires Warrior</div><span class=\"wowhead-tooltip-requirements\">Requires level 1</span><br /></td></tr></table><table><tr><td><span class=\"wowhead-tooltip-requirements\">Requires Gloves</span><div class=\"q\">Engrave your gloves with the Endless Rage rune:<br /><br /><span class=\"tooltip-inside-icon\" style=\"background-image: url(//wow.zamimg.com/images/wow/icons/small/ability_warrior_innerrage.jpg)\"></span><br /><a href=\"/spell=403218\" target=\"_blank\">You generate 25% more Rage from all damage you deal.</a></div></td></tr></table>","tooltip2":"","buff":"","quality":null,"spells":{},"buffspells":{},"completion_category":7}
410123,{"name":"Engrave Gloves - Explosive Shot","icon":"inv_misc_desecrated_leatherglove","tooltip":"<table><tr><td><a class=\"whtt-name\" href=\"/classic/spell=410123/engrave-gloves-explosive-shot\"><b class=\"whtt-name\">Engrave Gloves - Explosive Shot</b></a><br />3 sec cast<div class=\"wowhead-tooltip-requirements\">Requires Hunter</div><span class=\"wowhead-tooltip-requirements\">Requires level 1</span><br /></td></tr></table><table><tr><td><span class=\"wowhead-tooltip-requirements\">Requires Gloves</span><div class=\"q\">Engrave your gloves with the Explosive Shot rune:<br /><br /><span class=\"tooltip-inside-icon\" style=\"background-image: url(//wow.zamimg.com/images/wow/icons/small/ability_hunter_explosiveshot.jpg)\"></span><br /><a href=\"/spell=409552\" target=\"_blank\">You fire an explosive charge into the enemy target, dealing (Ranged attack power * 0.14 + 103 / 100 *)-(Ranged attack power * 0.14 + 155 / 100 *) Fire damage. The charge will blast the target every second for an additional 2 sec. Cooldown shared with Arcane Shot.</a></div></td></tr></table>","tooltip2":"","buff":"","quality":null,"spells":{},"buffspells":{},"completion_category":7}
401760,{"name":"Engrave Gloves - Ice Lance","icon":"inv_misc_desecrated_leatherglove","tooltip":"<table><tr><td><a class=\"whtt-name\" href=\"/classic/spell=401760/engrave-gloves-ice-lance\"><b class=\"whtt-name\">Engrave Gloves - Ice Lance</b></a><br />3 sec cast<div class=\"wowhead-tooltip-requirements\">Requires Mage</div><span class=\"wowhead-tooltip-requirements\">Requires level 1</span><br /></td></tr></table><table><tr><td><span class=\"wowhead-tooltip-requirements\">Requires Gloves</span><div class=\"q\">Engrave your gloves with the Ice Lance rune:<br /><br /><span class=\"tooltip-inside-icon\" style=\"background-image: url(//wow.zamimg.com/images/wow/icons/small/spell_frost_frostblast.jpg)\"></span><br /><a href=\"/spell=400640\" target=\"_blank\">Deals (* 55 / 100) to (* 65 / 100) Frost damage to an enemy target. &nbsp;Causes triple damage against Frozen targets.</a></div></td></tr></table>","tooltip2":"","buff":"","quality":null,"spells":{},"buffspells":{},"completion_category":7}
416049,{"name":"Engrave Gloves - Lacerate","icon":"inv_misc_desecrated_leatherglove","tooltip":"<table><tr><td><a class=\"whtt-name\" href=\"/classic/spell=416049/engrave-gloves-lacerate\"><b class=\"whtt-name\">Engrave Gloves - Lacerate</b></a><br />3 sec cast<div class=\"wowhead-tooltip-requirements\">Requires Druid</div><span class=\"wowhead-tooltip-requirements\">Requires level 1</span><br /></td></tr></table><table><tr><td><span class=\"wowhead-tooltip-requirements\">Requires Gloves</span><div class=\"q\">Engrave your gloves with the Lacerate<br /> rune:<br /><br /><span class=\"tooltip-inside-icon\" style=\"background-image: url(//wow.zamimg.com/images/wow/icons/small/ability_druid_lacerate.jpg)\"></span><br /><a href=\"/spell=414644\" target=\"_blank\">Lacerates the enemy target, making them bleed for (* 20 / 100 * 5) damage over 15 sec plus 20% weapon damage per existing application of Lacerate on the target. Causes a high amount of threat. This effect stacks up to 5 times on the same target.</a></div></td></tr></table>","tooltip2":"","buff":"","quality":null,"spells":{},"buffspells":{},"completion_category":7}
415936,{"name":"Engrave Gloves - Living Bomb","icon":"inv_misc_desecrated_leatherglove","tooltip":"<table><tr><td><a class=\"whtt-name\" href=\"/classic/spell=415936/engrave-gloves-living-bomb\"><b class=\"whtt-name\">Engrave Gloves - Living Bomb</b></a><br />3 sec cast<div class=\"wowhead-tooltip-requirements\">Requires Mage</div><span class=\"wowhead-tooltip-requirements\">Requires level 1</span><br /></td></tr></table><table><tr><td><span class=\"wowhead-tooltip-requirements\">Requires Gloves</span><div class=\"q\">Engrave your gloves with the Living Bomb rune:<br /><br /><span class=\"tooltip-inside-icon\" style=\"background-image: url(//wow.zamimg.com/images/wow/icons/small/ability_mage_livingbomb.jpg)\"></span><br /><a href=\"/spell=400613\" target=\"_blank\">The target becomes a Living Bomb, taking (* 85 / 100 * 4) Fire damage over 12 sec. &nbsp;After 12 sec or when the spell is dispelled, the target explodes dealing (* 171 / 100) Fire damage to all enemies within 10 yards</a></div></td></tr></table>","tooltip2":"","buff":"","quality":null,"spells":{},"buffspells":{},"completion_category":7}
424990,{"name":"Engrave Gloves - Main Gauche","icon":"inv_misc_desecrated_leatherglove","tooltip":"<table><tr><td><a class=\"whtt-name\" href=\"/classic/spell=424990/engrave-gloves-main-gauche\"><b class=\"whtt-name\">Engrave Gloves - Main Gauche</b></a><br />3 sec cast<div class=\"wowhead-tooltip-requirements\">Requires Rogue</div><span class=\"wowhead-tooltip-requirements\">Requires level 1</span><br /></td></tr></table><table><tr><td><span class=\"wowhead-tooltip-requirements\">Requires Gloves</span><div class=\"q\">Engrave your gloves with the Main Gauche rune:<br /><br /><span class=\"tooltip-inside-icon\" style=\"background-image: url(//wow.zamimg.com/images/wow/icons/small/spell_deathknight_spelldeflection.jpg)\"></span><br /><a href=\"/spell=424919\" target=\"_blank\">Instantly strike with your off-hand weapon for normal off-hand weapon damage and increase your chance to parry by 10% for 10 sec. &nbsp;Awards 1 combo point.<br /><br />Main Gauche benefits from all talents and effects that trigger from or modify Sinister Strike.</a></div></td></tr></table>","tooltip2":"","buff":"","quality":null,"spells":{},"buffspells":{},"completion_category":7}
410025,{"name":"Engrave Gloves - Mangle","icon":"inv_misc_desecrated_leatherglove","tooltip":"<table><tr><td><a class=\"whtt-name\" href=\"/classic/spell=410025/engrave-gloves-mangle\"><b class=\"whtt-name\">Engrave Gloves - Mangle</b></a><br />3 sec cast<div class=\"wowhead-tooltip-requirements\">Requires Druid</div><span class=\"wowhead-tooltip-requirements\">Requires level 1</span><br /></td></tr></table><table><tr><td><span class=\"wowhead-tooltip-requirements\">Requires Gloves</span><div class=\"q\">Engrave your gloves with the Mangle rune:<br /><br /><span class=\"tooltip-inside-icon\" style=\"background-image: url(//wow.zamimg.com/images/wow/icons/small/ability_druid_mangle2.jpg)\"></span><br /><a href=\"/spell=407995\" target=\"_blank\">Mangle the target for 160% normal damage and cause the target to take 30% additional damage from Bleed effects and Shred for 1 min. This ability benefits from and triggers all effects associated with Claw and Maul.</a></div></td></tr></table>","tooltip2":"","buff":"","quality":null,"spells":{},"buffspells":{},"completion_category":7}
400094,{"name":"Engrave Gloves - Mutilate","icon":"inv_misc_desecrated_leatherglove","tooltip":"<table><tr><td><a class=\"whtt-name\" href=\"/classic/spell=400094/engrave-gloves-mutilate\"><b class=\"whtt-name\">Engrave Gloves - Mutilate</b></a><br />3 sec cast<div class=\"wowhead-tooltip-requirements\">Requires Rogue</div><span class=\"wowhead-tooltip-requirements\">Requires level 1</span><br /></td></tr></table><table><tr><td><span class=\"wowhead-tooltip-requirements\">Requires Gloves</span><div class=\"q\">Engrave your gloves with the Mutilate rune:<br /><br /><span class=\"tooltip-inside-icon\" style=\"background-image: url(//wow.zamimg.com/images/wow/icons/small/ability_rogue_shadowstrikes.jpg)\"></span><br /><a href=\"/spell=399956\" target=\"_blank\">Instantly attacks with both weapons for 100% weapon damage plus an additional (100 / 100 *) with each weapon. &nbsp;Damage is increased by 20% against Poisoned targets. &nbsp;Awards 2 combo points.<br /><br />Mutilate benefits from all talents and effects that trigger from or modify Backstab unless otherwise specified.</a></div></td></tr></table>","tooltip2":"","buff":"","quality":null,"spells":{},"buffspells":{},"completion_category":7}
425443,{"name":"Engrave Gloves - Quick Strike","icon":"inv_misc_desecrated_leatherglove","tooltip":"<table><tr><td><a class=\"whtt-name\" href=\"/classic/spell=425443/engrave-gloves-quick-strike\"><b class=\"whtt-name\">Engrave Gloves - Quick Strike</b></a><br />3 sec cast<div class=\"wowhead-tooltip-requirements\">Requires Warrior</div><span class=\"wowhead-tooltip-requirements\">Requires level 1</span><br /></td></tr></table><table><tr><td><span class=\"wowhead-tooltip-requirements\">Requires Gloves</span><div class=\"q\">Engrave your gloves with the Quick Strike rune:<br /><br /><span class=\"tooltip-inside-icon\" style=\"background-image: url(//wow.zamimg.com/images/wow/icons/small/inv_axe_03.jpg)\"></span><br /><a href=\"/spell=429765\" target=\"_blank\">A reckless instant melee attack with your two-handed weapon dealing (Attack power * 15 / 100) to (Attack power * 25 / 100) physical damage. This ability benefits from and triggers all effects associated with Heroic Strike.</a></div></td></tr></table>","tooltip2":"","buff":"","quality":null,"spells":{},"buffspells":{},"completion_category":7}
401761,{"name":"Engrave Gloves - Rewind Time","icon":"inv_misc_desecrated_leatherglove","tooltip":"<table><tr><td><a class=\"whtt-name\" href=\"/classic/spell=401761/engrave-gloves-rewind-time\"><b class=\"whtt-name\">Engrave Gloves - Rewind Time</b></a><br />3 sec cast<div class=\"wowhead-tooltip-requirements\">Requires Mage</div><span class=\"wowhead-tooltip-requirements\">Requires level 1</span><br /></td></tr></table><table><tr><td><span class=\"wowhead-tooltip-requirements\">Requires Gloves</span><div class=\"q\">Engrave your gloves with the Rewind Time rune:<br /><br /><span class=\"tooltip-inside-icon\" style=\"background-image: url(//wow.zamimg.com/images/wow/icons/small/spell_holy_borrowedtime.jpg)\"></span><br /><a href=\"/spell=401462\" target=\"_blank\">Your current target with your Temporal Beacon instantly heals all damage taken over the last 5 seconds. Ineffective on targets that did not have a Temporal Beacon 5 seconds ago.</a></div></td></tr></table>","tooltip2":"","buff":"","quality":null,"spells":{},"buffspells":{},"completion_category":7}
424984,{"name":"Engrave Gloves - Saber Slash","icon":"inv_misc_desecrated_leatherglove","tooltip":"<table><tr><td><a class=\"whtt-name\" href=\"/classic/spell=424984/engrave-gloves-saber-slash\"><b class=\"whtt-name\">Engrave Gloves - Saber Slash</b></a><br />3 sec cast<div class=\"wowhead-tooltip-requirements\">Requires Rogue</div><span class=\"wowhead-tooltip-requirements\">Requires level 1</span><br /></td></tr></table><table><tr><td><span class=\"wowhead-tooltip-requirements\">Requires Gloves</span><div class=\"q\">Engrave your gloves with the Saber Slash rune:<br /><br /><span class=\"tooltip-inside-icon\" style=\"background-image: url(//wow.zamimg.com/images/wow/icons/small/inv_1h_haremmatron_d_01.jpg)\"></span><br /><a href=\"/spell=424785\" target=\"_blank\">Viciously slash an enemy for 130% weapon damage, and cause the target to bleed for (Attack power * 5 / 100) damage every 2 sec for 12 sec, stacking up to 3 times. &nbsp;Awards 1 combo point.<br /><br />Saber Slash benefits from all talents and effects that trigger from or modify Sinister Strike.</a></div></td></tr></table>","tooltip2":"","buff":"","quality":null,"spells":{},"buffspells":{},"completion_category":7}
424988,{"name":"Engrave Gloves - Shiv","icon":"inv_misc_desecrated_leatherglove","tooltip":"<table><tr><td><a class=\"whtt-name\" href=\"/classic/spell=424988/engrave-gloves-shiv\"><b class=\"whtt-name\">Engrave Gloves - Shiv</b></a><br />3 sec cast<div class=\"wowhead-tooltip-requirements\">Requires Rogue</div><span class=\"wowhead-tooltip-requirements\">Requires level 1</span><br /></td></tr></table><table><tr><td><span class=\"wowhead-tooltip-requirements\">Requires Gloves</span><div class=\"q\">Engrave your gloves with the Shiv rune:<br /><br /><span class=\"tooltip-inside-icon\" style=\"background-image: url(//wow.zamimg.com/images/wow/icons/small/inv_throwingknife_04.jpg)\"></span><br /><a href=\"/spell=424799\" target=\"_blank\">Instantly attack with your off-hand weapon to deal normal off-hand weapon damage with a 100% chance to apply the poison from your off-hand weapon to the target. Slower weapons require more energy. Awards 1 combo point.<br /><br />Shiv benefits from all talents and effects that trigger from or modify Sinister Strike.</a></div></td></tr></table>","tooltip2":"","buff":"","quality":null,"spells":{},"buffspells":{},"completion_category":7}
416044,{"name":"Engrave Gloves - Sunfire","icon":"inv_misc_desecrated_leatherglove","tooltip":"<table><tr><td><a class=\"whtt-name\" href=\"/classic/spell=416044/engrave-gloves-sunfire\"><b class=\"whtt-name\">Engrave Gloves - Sunfire</b></a><br />3 sec cast<div class=\"wowhead-tooltip-requirements\">Requires Druid</div><span class=\"wowhead-tooltip-requirements\">Requires level 1</span><br /></td></tr></table><table><tr><td><span class=\"wowhead-tooltip-requirements\">Requires Gloves</span><div class=\"q\">Engrave your gloves with the Sunfire rune:<br /><br /><span class=\"tooltip-inside-icon\" style=\"background-image: url(//wow.zamimg.com/images/wow/icons/small/ability_mage_firestarter.jpg)\"></span><br /><a href=\"/spell=414684\" target=\"_blank\">Burns the enemy for (130 */ 100) to (152 */ 100) Nature damage and then an additional (65 * 4 */ 100) Nature damage over 12 sec.</a><br /><br />In addition, while in Bear Form, Cat Form, or Dire Bear Form, your Moonfire is replaced with Sunfire (Bear) or Sunfire (Cat). This spell benefits from and triggers all effects associated with Moonfire.<br /><br />Sunfire (Bear)<br /><a href=\"/spell=414687\" target=\"_blank\">Burns the enemy for (130 */ 100) to (152 */ 100) Nature damage and then an additional (65 * 4 */ 100) Nature damage over 12 sec.</a><br /><br />Sunfire (Cat)<br /><a href=\"/spell=414689\" target=\"_blank\">Burns the enemy for (130 */ 100) to (152 */ 100) Nature damage and then an additional (65 * 4 */ 100) Nature damage over 12 sec. Awards 1 combo point.</a></div></td></tr></table>","tooltip2":"","buff":"","quality":null,"spells":{},"buffspells":{},"completion_category":7}
403470,{"name":"Engrave Gloves - Victory Rush","icon":"inv_misc_desecrated_leatherglove","tooltip":"<table><tr><td><a class=\"whtt-name\" href=\"/classic/spell=403470/engrave-gloves-victory-rush\"><b class=\"whtt-name\">Engrave Gloves - Victory Rush</b></a><br />3 sec cast<div class=\"wowhead-tooltip-requirements\">Requires Warrior</div><span class=\"wowhead-tooltip-requirements\">Requires level 1</span><br /></td></tr></table><table><tr><td><span class=\"wowhead-tooltip-requirements\">Requires Gloves</span><div class=\"q\">Engrave your gloves with the Victory Rush rune:<br /><br /><span class=\"tooltip-inside-icon\" style=\"background-image: url(//wow.zamimg.com/images/wow/icons/small/ability_warrior_devastate.jpg)\"></span><br /><a href=\"/spell=402927\" target=\"_blank\">Instantly attack the target causing (1 + Attack power * 45 / 100) damage and healing you for 10% of your maximum health. &nbsp;Only useable within 20 sec after you kill an enemy that yields experience or honor.</a></div></td></tr></table>","tooltip2":"","buff":"","quality":null,"spells":{},"buffspells":{},"completion_category":7}
410028,{"name":"Engrave Gloves - Wild Growth","icon":"inv_misc_desecrated_leatherglove","tooltip":"<table><tr><td><a class=\"whtt-name\" href=\"/classic/spell=410028/engrave-gloves-wild-growth\"><b class=\"whtt-name\">Engrave Gloves - Wild Growth</b></a><br />3 sec cast<div class=\"wowhead-tooltip-requirements\">Requires Druid</div><span class=\"wowhead-tooltip-requirements\">Requires level 1</span><br /></td></tr></table><table><tr><td><span class=\"wowhead-tooltip-requirements\">Requires Gloves</span><div class=\"q\">Engrave your gloves with the Wild Growth rune:<br /><br /><span class=\"tooltip-inside-icon\" style=\"background-image: url(//wow.zamimg.com/images/wow/icons/small/ability_druid_flourish.jpg)\"></span><br /><a href=\"/spell=408120\" target=\"_blank\">Heals all of target player's party members within 40 yards of target player for (34 / 100 * 7 *) over 7 sec. The amount healed is applied quickly at first, and slows down as Wild Growth reaches its full duration.</a></div></td></tr></table>","tooltip2":"","buff":"","quality":null,"spells":{},"buffspells":{},"completion_category":7}
425171,{"name":"Engrave Pants - Arcane Surge","icon":"inv_misc_desecrated_leatherpants","tooltip":"<table><tr><td><a class=\"whtt-name\" href=\"/classic/spell=425171/engrave-pants-arcane-surge\"><b class=\"whtt-name\">Engrave Pants - Arcane Surge</b></a><br />3 sec cast<div class=\"wowhead-tooltip-requirements\">Requires Mage</div><span class=\"wowhead-tooltip-requirements\">Requires level 1</span><br /></td></tr></table><table><tr><td><span class=\"wowhead-tooltip-requirements\">Requires Pants</span><div class=\"q\">Engrave your pants with the Arcane Surge rune:<br /><br /><span class=\"tooltip-inside-icon\" style=\"background-image: url(//wow.zamimg.com/images/wow/icons/small/spell_arcane_arcanetorrent.jpg)\"></span><br /><a href=\"/spell=425124\" target=\"_blank\">Unleash all of your remaining mana in a surge of energy focused at the target dealing (* 226 / 100) to (* 264 / 100) Arcane damage, increased by up to 300% based on your mana remaining. Afterward, your normal mana regeneration is activated and increased by 300% for 8 sec.</a></div></td></tr></table>","tooltip2":"","buff":"","quality":null,"spells":{},"buffspells":{},"completion_category":7}
400081,{"name":"Engrave Pants - Between the Eyes","icon":"inv_pants_cloth_02","tooltip":"<table><tr><td><a class=\"whtt-name\" href=\"/classic/spell=400081/engrave-pants-between-the-eyes\"><b class=\"whtt-name\">Engrave Pants - Between the Eyes</b></a><br />3 sec cast<div class=\"wowhead-tooltip-requirements\">Requires Rogue</div><span class=\"wowhead-tooltip-requirements\">Requires level 1</span><br /></td></tr></table><table><tr><td><span class=\"wowhead-tooltip-requirements\">Requires Pants</span><div class=\"q\">Engrave your pants with the Between the Eyes rune:<br /><br /><span class=\"tooltip-inside-icon\" style=\"background-image: url(//wow.zamimg.com/images/wow/icons/small/inv_weapon_rifle_01.jpg)\"></span><br /><a href=\"/spell=400009\" target=\"_blank\">Ranged Finishing move that causes damage per combo point, increased by Attack Power, and Stuns the target:<br /><br /> &nbsp; 1 point: &nbsp; [53 / 100 * ( + )] to [81 / 100 * ( + )] damage, 1 sec Stun<br /> &nbsp; 2 points: [53 / 100 * ( +* 2)] to [81 / 100 * ( +* 2)] damage, 2 sec Stun<br /> &nbsp; 3 points: [53 / 100 * ( +* 3)] to [81 / 100 * ( +* 3)] damage, 3 sec Stun<br /> &nbsp; 4 points: [53 / 100 * ( +* 4)] to [81 / 100 * ( +* 4)] damage, 4 sec Stun<br /> &nbsp; 5 points: [53 / 100 * ( +* 5)] to [81 / 100 * ( +* 5)] damage, 5 sec Stun<br /><br />Cooldown shared with Kidney Shot.</a></div></td></tr></table>","tooltip2":"","buff":"","quality":null,"spells":{},"buffspells":{},"completion_category":7}
401488,{"name":"Engrave Pants - Cutty's Rune","icon":"inv_pants_cloth_02","tooltip":"<table><tr><td><a class=\"whtt-name\" href=\"/classic/spell=401488/engrave-pants-cuttys-rune\"><b class=\"whtt-name\">Engrave Pants - Cutty's Rune</b></a><br />Instant<div class=\"wowhead-tooltip-requirements\">Requires Rogue</div><span class=\"wowhead-tooltip-requirements\">Requires level 1</span><br /></td></tr></table><table><tr><td><span class=\"wowhead-tooltip-requirements\">Requires Pants</span><div class=\"q\">Engrave your pants with the Shadowstrike rune:<br /><br /><span class=\"tooltip-inside-icon\" style=\"background-image: url(//wow.zamimg.com/images/wow/icons/small/ability_rogue_envelopingshadows.jpg)\"></span><br /><a href=\"/spell=399985\" target=\"_blank\">Teleport behind your target and strike, causing 150% weapon damage to the target. &nbsp;Must be stealthed. &nbsp;Awards 1 combo point.</a></div></td></tr></table>","tooltip2":"","buff":"","quality":null,"spells":{},"buffspells":{},"completion_category":7}
425477,{"name":"Engrave Pants - Demonic Grace","icon":"inv_misc_desecrated_leatherpants","tooltip":"<table><tr><td><a class=\"whtt-name\" href=\"/classic/spell=425477/engrave-pants-demonic-grace\"><b class=\"whtt-name\">Engrave Pants - Demonic Grace</b></a><br />3 sec cast<div class=\"wowhead-tooltip-requirements\">Requires Warlock</div><span class=\"wowhead-tooltip-requirements\">Requires level 1</span><br /></td></tr></table><table><tr><td><span class=\"wowhead-tooltip-requirements\">Requires Pants</span><div class=\"q\">Engrave your pants with the Demonic Grace rune:<br /><br /><span class=\"tooltip-inside-icon\" style=\"background-image: url(//wow.zamimg.com/images/wow/icons/small/ability_warlock_demonicpower.jpg)\"></span><br /><a href=\"/spell=425463\" target=\"_blank\">Surge with fel energy, increasing your pet's and your own dodge chance by 30%, and your chance to critically strike with all attacks by 30%. Lasts 6 sec.</a></div></td></tr></table>","tooltip2":"","buff":"","quality":null,"spells":{},"buffspells":{},"completion_category":7}
425476,{"name":"Engrave Pants - Demonic Pact","icon":"inv_misc_desecrated_leatherpants","tooltip":"<table><tr><td><a class=\"whtt-name\" href=\"/classic/spell=425476/engrave-pants-demonic-pact\"><b class=\"whtt-name\">Engrave Pants - Demonic Pact</b></a><br />3 sec cast<div class=\"wowhead-tooltip-requirements\">Requires Warlock</div><span class=\"wowhead-tooltip-requirements\">Requires level 1</span><br /></td></tr></table><table><tr><td><span class=\"wowhead-tooltip-requirements\">Requires Pants</span><div class=\"q\">Engrave your pants with the Demonic Pact rune:<br /><br /><span class=\"tooltip-inside-icon\" style=\"background-image: url(//wow.zamimg.com/images/wow/icons/small/spell_shadow_demonicpact.jpg)\"></span><br /><a href=\"/spell=425464\" target=\"_blank\">Your pet's critical strikes apply the Demonic Pact effect to your party members for 45 sec. Demonic Pact increases spell damage and healing by 10% of your spell damage or (Level / 2), whichever is higher. Does not work on Subjugated demons.</a></div></td></tr></table>","tooltip2":"","buff":"","quality":null,"spells":{},"buffspells":{},"completion_category":7}
416008,{"name":"Engrave Pants - Everlasting Affliction","icon":"inv_misc_desecrated_leatherpants","tooltip":"<table><tr><td><a class=\"whtt-name\" href=\"/classic/spell=416008/engrave-pants-everlasting-affliction\"><b class=\"whtt-name\">Engrave Pants - Everlasting Affliction</b></a><br />3 sec cast<div class=\"wowhead-tooltip-requirements\">Requires Warlock</div><span class=\"wowhead-tooltip-requirements\">Requires level 1</span><br /></td></tr></table><table><tr><td><span class=\"wowhead-tooltip-requirements\">Requires Pants</span><div class=\"q\">Engrave your pants with the Everlasting Affliction rune:<br /><br /><span class=\"tooltip-inside-icon\" style=\"background-image: url(//wow.zamimg.com/images/wow/icons/small/ability_warlock_everlastingaffliction.jpg)\"></span><br /><a href=\"/spell=412689\" target=\"_blank\">Drain Life, Drain Soul, Shadowbolt, Shadow Cleave, Searing Pain, Incinerate, and Haunt refresh the duration of your Corruption on the target back to its maximum duration.</a></div></td></tr></table>","tooltip2":"","buff":"","quality":null,"spells":{},"buffspells":{},"completion_category":7}
425762,{"name":"Engrave Pants - Flanking Strike","icon":"inv_pants_cloth_02","tooltip":"<table><tr><td><a class=\"whtt-name\" href=\"/classic/spell=425762/engrave-pants-flanking-strike\"><b class=\"whtt-name\">Engrave Pants - Flanking Strike</b></a><br />3 sec cast<div class=\"wowhead-tooltip-requirements\">Requires Hunter</div><span class=\"wowhead-tooltip-requirements\">Requires level 1</span><br /></td></tr></table><table><tr><td><span class=\"wowhead-tooltip-requirements\">Requires Pants</span><div class=\"q\">Engrave your pants with the Flanking Strike rune:<br /><br /><span class=\"tooltip-inside-icon\" style=\"background-image: url(//wow.zamimg.com/images/wow/icons/small/ability_hunter_harass.jpg)\"></span><br /><a href=\"/spell=415320\" target=\"_blank\">You and your pet deal simultaneous instant 100% melee damage. Afterward, your Mongoose Bite and Raptor Strike deal 10% increased damage for 10 sec, stacking up to 3 times. Raptor Strike has a 20% chance to reset the cooldown on Flanking Strike.</a></div></td></tr></table>","tooltip2":"","buff":"","quality":null,"spells":{},"buffspells":{},"completion_category":7}
425170,{"name":"Engrave Pants - Icy Veins","icon":"inv_misc_desecrated_leatherpants","tooltip":"<table><tr><td><a class=\"whtt-name\" href=\"/classic/spell=425170/engrave-pants-icy-veins\"><b class=\"whtt-name\">Engrave Pants - Icy Veins</b></a><br />3 sec cast<div class=\"wowhead-tooltip-requirements\">Requires Mage</div><span class=\"wowhead-tooltip-requirements\">Requires level 1</span><br /></td></tr></table><table><tr><td><span class=\"wowhead-tooltip-requirements\">Requires Pants</span><div class=\"q\">Engrave your pants with the Icy Veins rune:<br /><br /><span class=\"tooltip-inside-icon\" style=\"background-image: url(//wow.zamimg.com/images/wow/icons/small/spell_frost_coldhearted.jpg)\"></span><br /><a href=\"/spell=425121\" target=\"_blank\">Hastens your spellcasting, increasing spell casting speed by 20% and reduces the pushback suffered from damaging attacks while casting by 100%. Lasts 20 sec.</a></div></td></tr></table>","tooltip2":"","buff":"","quality":null,"spells":{},"buffspells":{},"completion_category":7}
410111,{"name":"Engrave Pants - Kill Command","icon":"inv_pants_cloth_02","tooltip":"<table><tr><td><a class=\"whtt-name\" href=\"/classic/spell=410111/engrave-pants-kill-command\"><b class=\"whtt-name\">Engrave Pants - Kill Command</b></a><br />3 sec cast<div class=\"wowhead-tooltip-requirements\">Requires Hunter</div><span class=\"wowhead-tooltip-requirements\">Requires level 1</span><br /></td></tr></table><table><tr><td><span class=\"wowhead-tooltip-requirements\">Requires Pants</span><div class=\"q\">Engrave your pants with the Kill Command rune:<br /><br /><span class=\"tooltip-inside-icon\" style=\"background-image: url(//wow.zamimg.com/images/wow/icons/small/ability_hunter_killcommand.jpg)\"></span><br /><a href=\"/spell=409379\" target=\"_blank\">Give the command to kill, increasing your pet's damage done from special attacks by 60% for 30 sec. &nbsp;Each special attack done by the pet reduces the damage bonus by 20%.</a></div></td></tr></table>","tooltip2":"","buff":"","quality":null,"spells":{},"buffspells":{},"completion_category":7}
410033,{"name":"Engrave Pants - Lifebloom","icon":"inv_misc_desecrated_leatherpants","tooltip":"<table><tr><td><a class=\"whtt-name\" href=\"/classic/spell=410033/engrave-pants-lifebloom\"><b class=\"whtt-name\">Engrave Pants - Lifebloom</b></a><br />3 sec cast<div class=\"wowhead-tooltip-requirements\">Requires Druid</div><span class=\"wowhead-tooltip-requirements\">Requires level 1</span><br /></td></tr></table><table><tr><td><span class=\"wowhead-tooltip-requirements\">Requires Pants</span><div class=\"q\">Engrave your pants with the Lifebloom rune:<br /><br /><a href=\"/spell=409824\" target=\"_blank\">Reduces the global cooldown on your &nbsp;Rejuvenation and Lifebloom abilities by 0.5 sec and you gain the Lifebloom ability:<br /><br /><span class=\"tooltip-inside-icon\" style=\"background-image: url(//wow.zamimg.com/images/wow/icons/small/inv_misc_herb_felblossom.jpg)\"></span><br /><a href=\"/spell=408124\" target=\"_blank\">Heals the target for (4 / 100 * 7 *) over 7 sec. &nbsp;When Lifebloom completes its duration or is dispelled, the target instantly heals for (57 / 100 *) and the Druid regains half the cost of the spell. &nbsp;This effect can stack up to 3 times on the same target.</a></a></div></td></tr></table>","tooltip2":"","buff":"","quality":null,"spells":{},"buffspells":{},"completion_category":7}
401768,{"name":"Engrave Pants - Living Flame","icon":"inv_misc_desecrated_leatherpants","tooltip":"<table><tr><td><a class=\"whtt-name\" href=\"/classic/spell=401768/engrave-pants-living-flame\"><b class=\"whtt-name\">Engrave Pants - Living Flame</b></a><br />3 sec cast<div class=\"wowhead-tooltip-requirements\">Requires Mage</div><span class=\"wowhead-tooltip-requirements\">Requires level 1</span><br /></td></tr></table><table><tr><td><span class=\"wowhead-tooltip-requirements\">Requires Pants</span><div class=\"q\">Engrave your pants with the Living Flame rune:<br /><br /><span class=\"tooltip-inside-icon\" style=\"background-image: url(//wow.zamimg.com/images/wow/icons/small/spell_fire_masterofelements.jpg)\"></span><br /><a href=\"/spell=401556\" target=\"_blank\">Summons a spellfire flame that moves toward the target, leaving a trail of spellfire. This trail deals (* 100 / 100) Spellfire damage every second to nearby enemies. Lasts 20 sec.</a></div></td></tr></table>","tooltip2":"","buff":"","quality":null,"spells":{},"buffspells":{},"completion_category":7}
415939,{"name":"Engrave Pants - Mass Regeneration","icon":"inv_misc_desecrated_leatherpants","tooltip":"<table><tr><td><a class=\"whtt-name\" href=\"/classic/spell=415939/engrave-pants-mass-regeneration\"><b class=\"whtt-name\">Engrave Pants - Mass Regeneration</b></a><br />3 sec cast<div class=\"wowhead-tooltip-requirements\">Requires Mage</div><span class=\"wowhead-tooltip-requirements\">Requires level 1</span><br /></td></tr></table><table><tr><td><span class=\"wowhead-tooltip-requirements\">Requires Pants</span><div class=\"q\">Engrave your pants with the Mass Regeneration rune:<br /><br /><span class=\"tooltip-inside-icon\" style=\"background-image: url(//wow.zamimg.com/images/wow/icons/small/inv_enchant_essencenetherlarge.jpg)\"></span><br /><a href=\"/spell=412510\" target=\"_blank\">Heals all of target player's party members within 15 yards of target player for (* 42 / 100 * 3) health over 3 sec and applies Temporal Beacon to each target for 15 sec. After casting this spell, you will suffer from Tangled Causality for 5 min, reducing your Fire and Frost spell damage done by 50% and preventing the use of Ice Block.<br /><br />Temporal Beacon<br /><span class=\"tooltip-inside-icon\" style=\"background-image: url(//wow.zamimg.com/images/wow/icons/small/spell_nature_timestop.jpg)\"></span><br /><a href=\"/spell=400735\" target=\"_blank\">Records the subject's space-time position. 40% of all Arcane damage done by the caster will be converted to chronomantic healing and divided among the caster's current Temporal Beacon targets.</a></a></div></td></tr></table>","tooltip2":"","buff":"","quality":null,"spells":{},"buffspells":{},"completion_category":7}
410023,{"name":"Engrave Pants - Savage Roar","icon":"inv_misc_desecrated_leatherpants","tooltip":"<table><tr><td><a class=\"whtt-name\" href=\"/classic/spell=410023/engrave-pants-savage-roar\"><b class=\"whtt-name\">Engrave Pants - Savage Roar</b></a><br />3 sec cast<div class=\"wowhead-tooltip-requirements\">Requires Druid</div><span class=\"wowhead-tooltip-requirements\">Requires level 1</span><br /></td></tr></table><table><tr><td><span class=\"wowhead-tooltip-requirements\">Requires Pants</span><div class=\"q\">Engrave your pants with the Savage Roar rune:<br /><br /><span class=\"tooltip-inside-icon\" style=\"background-image: url(//wow.zamimg.com/images/wow/icons/small/ability_druid_skinteeth.jpg)\"></span><br /><a href=\"/spell=407988\" target=\"_blank\">Finishing move that increases physical damage done by 30% while in Cat Form. &nbsp;Lasts longer per combo point:<br /> &nbsp; 1 point &nbsp;: 14 seconds<br /> &nbsp; 2 points: 19 seconds<br /> &nbsp; 3 points: 24 seconds<br /> &nbsp; 4 points: 29 seconds<br /> &nbsp; 5 points: 34 seconds</a></div></td></tr></table>","tooltip2":"","buff":"","quality":null,"spells":{},"buffspells":{},"completion_category":7}
425760,{"name":"Engrave Pants - Serpent Spread","icon":"inv_pants_cloth_02","tooltip":"<table><tr><td><a class=\"whtt-name\" href=\"/classic/spell=425760/engrave-pants-serpent-spread\"><b class=\"whtt-name\">Engrave Pants - Serpent Spread</b></a><br />3 sec cast<div class=\"wowhead-tooltip-requirements\">Requires Hunter</div><span class=\"wowhead-tooltip-requirements\">Requires level 1</span><br /></td></tr></table><table><tr><td><span class=\"wowhead-tooltip-requirements\">Requires Pants</span><div class=\"q\">Engrave your pants with the Serpent Spread rune:<br /><br /><span class=\"tooltip-inside-icon\" style=\"background-image: url(//wow.zamimg.com/images/wow/icons/small/ability_hunter_serpentswiftness.jpg)\"></span><br /><a href=\"/spell=425738\" target=\"_blank\">Targets hit by your Multi-Shot are also afflicted by your Serpent Sting for 6 sec.</a></div></td></tr></table>","tooltip2":"","buff":"","quality":null,"spells":{},"buffspells":{},"completion_category":7}
416046,{"name":"Engrave Pants - Skull Bash","icon":"inv_misc_desecrated_leatherpants","tooltip":"<table><tr><td><a class=\"whtt-name\" href=\"/classic/spell=416046/engrave-pants-skull-bash\"><b class=\"whtt-name\">Engrave Pants - Skull Bash</b></a><br />3 sec cast<div class=\"wowhead-tooltip-requirements\">Requires Druid</div><span class=\"wowhead-tooltip-requirements\">Requires level 1</span><br /></td></tr></table><table><tr><td><span class=\"wowhead-tooltip-requirements\">Requires Pants</span><div class=\"q\">Engrave your pants with the Skull Bash rune:<br /><br /><span class=\"tooltip-inside-icon\" style=\"background-image: url(//wow.zamimg.com/images/wow/icons/small/inv_misc_bone_taurenskull_01.jpg)\"></span><br /><a href=\"/spell=410176\" target=\"_blank\">Charge to a target within 13 yards and bash the target's skull, interrupting spellcasting and preventing any spell in that school from being cast for 2 sec. Shares a cooldown with Feral Charge.</a></div></td></tr></table>","tooltip2":"","buff":"","quality":null,"spells":{},"buffspells":{},"completion_category":7}
416091,{"name":"Engrave Pants - Sniper Training","icon":"inv_pants_cloth_02","tooltip":"<table><tr><td><a class=\"whtt-name\" href=\"/classic/spell=416091/engrave-pants-sniper-training\"><b class=\"whtt-name\">Engrave Pants - Sniper Training</b></a><br />3 sec cast<div class=\"wowhead-tooltip-requirements\">Requires Hunter</div><span class=\"wowhead-tooltip-requirements\">Requires level 1</span><br /></td></tr></table><table><tr><td><span class=\"wowhead-tooltip-requirements\">Requires Pants</span><div class=\"q\">Engrave your pants with the Sniper Training rune:<br /><br /><span class=\"tooltip-inside-icon\" style=\"background-image: url(//wow.zamimg.com/images/wow/icons/small/ability_hunter_snipershot.jpg)\"></span><br /><a href=\"/spell=415399\" target=\"_blank\">Your Shot abilities gain 10% increased critical strike chance while you have not moved for the last 6 sec.</a></div></td></tr></table>","tooltip2":"","buff":"","quality":null,"spells":{},"buffspells":{},"completion_category":7}
424718,{"name":"Engrave Pants - Starsurge","icon":"inv_pants_cloth_02","tooltip":"<table><tr><td><a class=\"whtt-name\" href=\"/classic/spell=424718/engrave-pants-starsurge\"><b class=\"whtt-name\">Engrave Pants - Starsurge</b></a><br />3 sec cast<div class=\"wowhead-tooltip-requirements\">Requires Druid</div><span class=\"wowhead-tooltip-requirements\">Requires level 1</span><br /></td></tr></table><table><tr><td><span class=\"wowhead-tooltip-requirements\">Requires Pants</span><div class=\"q\">Engrave your pants with the Starsurge rune:<br /><br /><span class=\"tooltip-inside-icon\" style=\"background-image: url(//wow.zamimg.com/images/wow/icons/small/spell_arcane_arcane03.jpg)\"></span><br /><a href=\"/spell=417157\" target=\"_blank\">Launch surging stellar energies that causes (135 / 100 *) to (165 / 100 *) Arcane damage.<br /><br />Starsurge benefits from and triggers most talents and effects that trigger or benefit from Wrath or Starfire.</a></div></td></tr></table>","tooltip2":"","buff":"","quality":null,"spells":{},"buffspells":{},"completion_category":7}